年月,月商(円),保険売上(円),自費売上(円),メンテ売上(円),訪問売上(円),自費率(%),保険点数(点),1点あたり単価(円),返戻・査定減率(%),延患者数(人),実患者数(人),新患数(人),再来患者数(人),予約数(件),キャンセル数(件),再来率(%),中断率(%),メンテ移行率(%),キャンセル率(%),無断キャンセル数(件),無断キャンセル率(%),無断キャンセル損失額(円),新患獲得単価(円),新患1人あたり生涯売上(円),LTV/獲得単価比(倍),平均継続月数(ヶ月),ユニット1台あたり売上(円),稼働ユニット1台あたり売上(円),チェア稼働率(%),チェア稼働時間(分),チェア稼働可能時間(分),チェア分単価(円),空き枠損失額(円),歯科医師FTE(人),衛生士FTE(人),総スタッフFTE(人),総労働時間(時間),人時生産性(円),残業比率(%),Dr1人あたり売上(円),DH1人あたり売上(円),1日平均来院数(人),患者単価(円),人件費率(%),材料費率(%),コスト合計(円),直接原価(円),直接計上費(円),間接費(円),人件費(円),材料費(円),売上総利益(円),売上総利益率(%),営業利益(円),営業利益率(%),配賦前利益(円),配賦前利益率(%),配賦後営業利益(円),配賦後営業利益率(%),限界利益率(%),損益分岐点売上(円),安全余裕率(%),損益分岐点チェア稼働率(%),損益分岐点患者数(人)
2023-08,8559000,6334000,984000,984000,257000,11.5,685135,9.62,3.8,669,388,41,347,729,69,89.43,5.15,21.91,9.47,10,1.37,127937.22,2926.83,208756.1,71.33,19.4,1711800,1711800,53.66,30105,56100,284.3,4998080.72,2.5,4,10.5,2240.7,3819.79,14.12,3423600,246000,30.41,12793.72,30,10.49,7567000,958000,220000,6389000,2568000,898000,7601000,88.81,992000,11.59,7381000,86.24,992000,11.59,88.81,7441972.24,13.05,46.66,581.69
2023-09,9300000,6826000,1104000,1083000,287000,11.87,738827,9.63,3.73,724,420,44,376,789,74,89.52,5.24,22.38,9.38,11,1.39,141298.34,2727.27,211363.64,77.5,19.09,1860000,1860000,58.07,32580,56100,285.45,4311740.33,2.5,4,10.5,2240.7,4150.49,14.12,3720000,270750,32.91,12845.3,29.86,10.42,7831000,1034000,220000,6577000,2777000,969000,8266000,88.88,1469000,15.8,8046000,86.52,1469000,15.8,88.88,7647241.71,17.77,47.75,595.33
2023-10,9780000,7120000,1197000,1153000,310000,12.24,771158,9.63,3.65,759,440,46,394,827,77,89.55,5,22.5,9.31,12,1.45,154624.51,2826.09,212608.7,75.23,20,1956000,1956000,60.88,34155,56100,286.34,3874202.9,2.5,4,10.5,2240.7,4364.71,14.12,3912000,288250,34.5,12885.38,29.72,10.35,8002000,1080000,220000,6702000,2907000,1012000,8700000,88.96,1778000,18.18,8480000,86.71,1778000,18.18,88.96,7781282.76,20.44,48.44,603.88
2023-11,9781000,7061000,1234000,1167000,319000,12.62,765378,9.64,3.58,757,439,46,393,825,76,89.52,5.01,22.78,9.21,12,1.45,155048.88,2826.09,212630.43,75.24,19.95,1956200,1956200,60.72,34065,56100,287.13,3910677.23,2.5,4,10.5,2240.7,4365.15,14.12,3912400,291750,34.41,12920.74,29.58,10.28,7981000,1073000,220000,6688000,2893000,1005000,8708000,89.03,1800000,18.4,8488000,86.78,1800000,18.4,89.03,7759203.95,20.67,48.17,600.52
2023-12,10560000,7561000,1371000,1275000,353000,12.98,820128,9.65,3.5,815,473,49,424,888,82,89.64,5.07,23.26,9.23,12,1.35,155484.66,2857.14,215510.2,75.43,19.71,2112000,2112000,65.37,36675,56100,287.93,3170159.51,2.5,4,10.5,2240.7,4712.81,14.12,4224000,318750,37.05,12957.06,29.42,10.21,8321000,1152000,220000,6949000,3107000,1078000,9408000,89.09,2239000,21.2,9188000,87.01,2239000,21.2,89.09,8046836.73,23.8,49.82,621.04
2024-01,9200000,6532000,1229000,1124000,315000,13.36,709009,9.66,3.43,708,411,43,368,772,70,89.54,4.87,23.6,9.07,11,1.42,142937.85,3255.81,213953.49,65.71,20.55,1840000,1840000,56.79,31860,56100,288.76,4569679.85,2.5,4,10.5,2240.7,4105.86,14.12,3680000,281000,32.18,12994.35,29.29,10.14,7768000,997000,220000,6551000,2695000,933000,8203000,89.16,1432000,15.57,7983000,86.77,1432000,15.57,89.16,7593953.43,17.46,46.88,584.4
2024-02,9100000,6406000,1249000,1125000,320000,13.73,695944,9.66,3.35,698,405,42,363,761,69,89.63,4.94,23.7,9.07,11,1.45,143409.74,3333.33,216666.67,65,20.25,1820000,1820000,55.99,31410,56100,289.72,4715138.49,2.5,4,10.5,2240.7,4061.23,14.12,3640000,281250,31.73,13037.25,29.14,10.07,7707000,980000,220000,6507000,2652000,916000,8120000,89.23,1393000,15.31,7900000,86.81,1393000,15.31,89.23,7538879.31,17.16,46.38,578.26
2024-03,10581000,7385000,1492000,1323000,381000,14.1,802936,9.67,3.28,809,469,48,421,882,79,89.77,4.9,24.09,8.96,12,1.36,156949.32,3125,220437.5,70.54,20.39,2116200,2116200,64.89,36405,56100,290.65,3278496.91,2.5,4,10.5,2240.7,4722.19,14.12,4232400,330750,36.77,13079.11,29,10,8264000,1132000,220000,6912000,3068000,1058000,9449000,89.3,2317000,21.9,9229000,87.22,2317000,21.9,89.3,7986421,24.52,48.98,610.62
2024-04,10080000,6975000,1459000,1274000,372000,14.47,759032,9.68,3.21,768,445,46,399,837,74,89.66,4.72,24.27,8.84,12,1.43,157500,3260.87,219130.43,67.2,21.19,2016000,2016000,61.6,34560,56100,291.67,3828125,2.5,4,10.5,2240.7,4498.59,14.12,4032000,318500,34.91,13125,28.86,9.93,8419000,1072000,220000,7127000,2909000,1001000,9008000,89.37,1661000,16.48,8788000,87.18,1661000,16.48,89.37,8221332.15,18.44,50.24,626.39
2024-05,9870000,6771000,1465000,1262000,372000,14.84,737391,9.69,3.13,750,435,45,390,818,72,89.66,4.6,24.6,8.8,11,1.34,144760,3555.56,219333.33,61.69,21.75,1974000,1974000,60.16,33750,56100,292.44,4075213.33,2.5,4,10.5,2240.7,4404.87,14.12,3948000,315500,34.09,13160,28.71,9.86,8332000,1042000,220000,7070000,2834000,973000,8828000,89.44,1538000,15.58,8608000,87.21,1538000,15.58,89.44,8150464.43,17.42,49.68,619.34
2024-06,10580000,7194000,1610000,1368000,408000,15.22,784174,9.69,3.06,802,465,47,418,874,76,89.89,4.73,24.95,8.7,12,1.37,158304.24,3404.26,225106.38,66.13,21.14,2116000,2116000,64.33,36090,56100,293.16,3399143.81,2.5,4,10.5,2240.7,4721.74,14.12,4232000,342000,36.45,13192.02,28.57,9.79,8610000,1110000,220000,7280000,3023000,1036000,9470000,89.51,1970000,18.62,9250000,87.43,1970000,18.62,89.51,8379091.87,20.8,50.95,635.16
2024-07,10480000,7064000,1633000,1370000,413000,15.58,770689,9.7,2.98,792,459,47,412,863,75,89.76,4.58,25.27,8.69,12,1.39,158787.88,3404.26,222978.72,65.5,21.86,2096000,2096000,63.53,35640,56100,294.05,3541851.85,2.5,4,10.5,2240.7,4677.11,14.12,4192000,342500,36,13232.32,28.43,9.7,8574000,1090000,220000,7264000,2979000,1017000,9390000,89.6,1906000,18.19,9170000,87.5,1906000,18.19,89.6,8352749.73,20.3,50.63,631.24
2024-08,9631000,6433000,1537000,1273000,388000,15.96,702533,9.71,2.91,725,420,43,377,790,68,89.76,4.52,25.48,8.61,11,1.39,146125.52,3953.49,223976.74,56.65,22.11,1926200,1926200,58.16,32625,56100,295.2,4445758.16,2.5,4,10.5,2240.7,4298.21,14.12,3852400,318250,32.95,13284.14,28.29,9.65,8359000,996000,220000,7143000,2725000,929000,8635000,89.66,1272000,13.21,8415000,87.37,1272000,13.21,89.66,8212281.76,14.73,49.59,618.2
2024-09,10460000,6925000,1708000,1397000,430000,16.33,756954,9.72,2.83,785,455,46,409,856,73,89.89,4.4,25.93,8.53,12,1.4,159898.09,3695.65,227391.3,61.53,22.75,2092000,2092000,62.97,35325,56100,296.11,3659889.6,2.5,4,10.5,2240.7,4668.18,14.12,4184000,349250,35.68,13324.84,28.15,9.58,8637000,1075000,220000,7342000,2944000,1002000,9385000,89.72,1823000,17.43,9165000,87.62,1823000,17.43,89.72,8428185.4,19.42,50.74,632.52
2024-10,10990000,7209000,1835000,1484000,462000,16.7,788873,9.72,2.76,823,477,48,429,897,76,89.94,4.4,26.21,8.47,13,1.45,173596.6,3750,228958.33,61.06,22.71,2198000,2198000,66.02,37035,56100,296.75,3160348.32,2.5,4,10.5,2240.7,4904.72,14.12,4396000,371000,37.41,13353.58,28,9.5,8811000,1121000,220000,7470000,3077000,1044000,9869000,89.8,2179000,19.83,9649000,87.8,2179000,19.83,89.8,8563491.74,22.08,51.44,641.29
2024-11,10980000,7137000,1874000,1498000,471000,17.07,781797,9.73,2.69,819,475,48,427,893,75,89.89,4.42,26.53,8.4,13,1.46,174285.71,3750,228750,61,22.62,2196000,2196000,65.7,36855,56100,297.92,3226520.15,2.5,4,10.5,2240.7,4900.25,14.12,4392000,374500,37.23,13406.59,27.86,9.44,8785000,1113000,220000,7452000,3059000,1036000,9867000,89.86,2195000,19.99,9647000,87.86,2195000,19.99,89.86,8537403.47,22.25,51.08,636.81
2024-12,11840000,7625000,2065000,1632000,518000,17.44,836135,9.74,2.61,881,511,51,460,960,79,90.02,4.31,26.81,8.23,13,1.35,174710.56,3529.41,232156.86,65.78,23.23,2368000,2368000,70.67,39645,56100,298.65,2401150.21,2.5,4,10.5,2240.7,5284.06,14.12,4736000,408000,40.05,13439.27,27.71,9.37,9124000,1192000,220000,7712000,3281000,1109000,10648000,89.93,2716000,22.94,10428000,88.07,2716000,22.94,89.93,8819954.92,25.51,52.64,656.28
2025-01,10300000,6571000,1835000,1435000,459000,17.82,721301,9.75,2.54,764,443,44,399,833,68,90.07,4.29,27.09,8.16,12,1.44,161780.1,4318.18,234090.91,54.21,23.32,2060000,2060000,61.28,34380,56100,299.59,3986082.02,2.5,4,10.5,2240.7,4596.78,14.12,4120000,358750,34.73,13481.68,27.57,9.29,8542000,1029000,220000,7293000,2840000,957000,9271000,90.01,1758000,17.07,9051000,87.87,1758000,17.07,90.01,8346877.36,18.96,49.66,619.13
2025-02,10169000,6427000,1849000,1431000,462000,18.18,706295,9.75,2.46,752,436,43,393,820,67,90.14,4.13,27.29,8.17,11,1.34,148748.67,4418.6,236488.37,53.52,24.22,2033800,2033800,60.32,33840,56100,300.5,4160455.23,2.5,4,10.5,2240.7,4538.31,14.12,4067600,357750,34.18,13522.61,27.43,9.21,8469000,1008000,220000,7241000,2789000,937000,9161000,90.09,1700000,16.72,8941000,87.92,1700000,16.72,90.09,8281946.18,18.56,49.13,612.45
2025-03,11819000,7399000,2193000,1680000,547000,18.55,814045,9.76,2.39,872,506,50,456,950,76,90.12,4.15,27.67,8,13,1.37,176200.69,4000,236380,59.1,24.1,2363800,2363800,69.95,39240,56100,301.2,2543615.06,2.5,4,10.5,2240.7,5274.69,14.12,4727600,420000,39.64,13553.9,27.29,9.14,9051000,1163000,220000,7668000,3225000,1080000,10656000,90.16,2768000,23.42,10436000,88.3,2768000,23.42,90.16,8748899.4,25.98,51.78,645.49
2025-04,11249000,6975000,2129000,1615000,530000,18.93,768281,9.77,2.31,827,480,48,432,901,72,90,4.17,27.92,7.99,13,1.44,176828.3,4166.67,234354.17,56.24,24,2249800,2249800,66.34,37215,56100,302.27,3164773.08,2.5,4,10.5,2240.7,5020.31,14.12,4499600,403750,37.59,13602.18,27.15,9.07,9189000,1099000,220000,7870000,3054000,1020000,10150000,90.23,2060000,18.31,9930000,88.27,2060000,18.31,90.23,8965951.72,20.3,52.87,659.16
2025-05,11009000,6760000,2125000,1596000,528000,19.3,745499,9.78,2.24,807,468,46,422,880,69,90.17,4.06,28.21,7.84,12,1.36,163702.6,4347.83,239326.09,55.04,24.63,2201800,2201800,64.73,36315,56100,303.15,3446849.24,2.5,4,10.5,2240.7,4913.2,14.12,4403600,399000,36.68,13641.88,27,9,9073000,1068000,220000,7785000,2972000,991000,9941000,90.3,1936000,17.59,9721000,88.3,1936000,17.59,90.3,8865008.05,19.47,52.13,649.84
2025-06,11789000,7168000,2319000,1726000,576000,19.67,791542,9.78,2.17,862,500,49,451,940,73,90.2,4,28.6,7.77,13,1.38,177792.34,4285.71,240591.84,56.14,25,2357800,2357800,69.14,38790,56100,303.92,2703355.38,2.5,4,10.5,2240.7,5261.3,14.12,4715600,431500,39.18,13676.33,26.86,8.92,9368000,1135000,220000,8013000,3167000,1052000,10654000,90.37,2421000,20.54,10434000,88.51,2421000,20.54,90.37,9110084.19,22.72,53.43,666.12
2025-07,11660000,7019000,2337000,1724000,580000,20.04,776132,9.79,2.09,850,493,48,445,927,72,90.26,3.85,28.8,7.77,13,1.4,178329.41,4375,242916.67,55.52,25.95,2332000,2332000,68.18,38250,56100,304.84,2876133.33,2.5,4,10.5,2240.7,5203.73,14.12,4664000,431000,38.64,13717.65,26.72,8.85,9322000,1114000,220000,7988000,3115000,1032000,10546000,90.45,2338000,20.05,10326000,88.56,2338000,20.05,90.45,9075031.29,22.17,53.07,661.56
2025-08,10710000,6383000,2186000,1599000,542000,20.41,706756,9.8,2.02,778,451,44,407,848,65,90.24,3.99,29.05,7.67,12,1.42,165192.8,5000,243409.09,48.68,25.06,2142000,2142000,62.41,35010,56100,305.91,3877442.16,2.5,4,10.5,2240.7,4779.76,14.12,4284000,399750,35.36,13766.07,26.57,8.79,8962000,1016000,220000,7726000,2846000,941000,9694000,90.51,1748000,16.32,9474000,88.46,1748000,16.32,90.51,8778797.19,18.03,51.15,637.71
2025-09,11620000,6856000,2415000,1751000,598000,20.78,760169,9.81,1.94,842,488,48,440,918,70,90.16,3.89,29.51,7.63,13,1.42,179406.18,4583.33,242083.33,52.82,25.68,2324000,2324000,67.54,37890,56100,306.68,3003903.4,2.5,4,10.5,2240.7,5185.88,14.12,4648000,437750,38.27,13800.48,26.42,8.71,9244000,1093000,220000,7931000,3070000,1012000,10527000,90.59,2376000,20.45,10307000,88.7,2376000,20.45,90.59,8997304.08,22.57,52.3,651.96
2025-10,12190000,7119000,2579000,1855000,637000,21.16,790369,9.81,1.87,881,511,50,461,960,72,90.22,3.72,29.75,7.5,13,1.35,179875.14,4400,243800,55.41,26.89,2438000,2438000,70.67,39645,56100,307.48,2472130.16,2.5,4,10.5,2240.7,5440.26,14.12,4876000,463750,40.05,13836.55,26.28,8.63,9407000,1137000,220000,8050000,3204000,1052000,11053000,90.67,2783000,22.83,10833000,88.87,2783000,22.83,90.67,9120718.36,25.18,52.88,659.18
2025-11,12180000,7040000,2622000,1871000,647000,21.53,782745,9.82,1.79,878,509,49,460,957,71,90.37,3.73,30.06,7.42,13,1.36,180341.69,4693.88,248571.43,52.96,26.79,2436000,2436000,70.43,39510,56100,308.28,2520159.45,2.5,4,10.5,2240.7,5435.8,14.12,4872000,467750,39.91,13872.44,26.14,8.57,9399000,1129000,220000,8050000,3184000,1044000,11051000,90.73,2781000,22.83,10831000,88.92,2781000,22.83,90.73,9114885.53,25.17,52.7,657.05
2025-12,13120000,7505000,2873000,2034000,708000,21.9,835674,9.83,1.72,943,547,53,494,1028,75,90.31,3.66,30.35,7.3,14,1.36,194782.61,4339.62,247547.17,57.04,27.35,2624000,2624000,75.64,42435,56100,309.18,1623188.41,2.5,4,10.5,2240.7,5855.31,14.12,5248000,508500,42.86,13913.04,26,8.5,9743000,1207000,220000,8316000,3411000,1115000,11913000,90.8,3377000,25.74,11693000,89.12,3377000,25.74,90.8,9400849.49,28.35,54.2,675.69
2026-01,11399000,6452000,2539000,1783000,625000,22.27,719542,9.84,1.65,817,474,46,428,891,65,90.3,3.59,30.59,7.3,12,1.35,167427.17,5217.39,247804.35,47.5,27.88,2279800,2279800,65.53,36765,56100,310.05,3385749.49,2.5,4,10.5,2240.7,5087.25,14.12,4559600,445750,37.14,13952.26,25.85,8.42,9132000,1040000,220000,7872000,2947000,960000,10359000,90.88,2267000,19.89,10139000,88.95,2267000,19.89,90.88,8904402.74,21.88,51.19,638.2
2026-02,11250000,6300000,2547000,1776000,627000,22.64,703759,9.84,1.57,804,466,45,421,876,63,90.34,3.65,30.9,7.19,12,1.37,167910.45,5333.33,250000,46.88,27.41,2250000,2250000,64.49,36180,56100,310.95,3577425.37,2.5,4,10.5,2240.7,5020.75,14.12,4500000,444000,36.55,13992.54,25.72,8.36,9056000,1019000,220000,7817000,2893000,940000,10231000,90.94,2194000,19.5,10011000,88.99,2194000,19.5,90.94,8837479.23,21.44,50.66,631.59
2026-03,13070000,7241000,3008000,2082000,739000,23.01,810129,9.85,1.5,931,540,52,488,1015,72,90.37,3.52,31.3,7.09,14,1.38,196541.35,4615.38,251346.15,54.46,28.42,2614000,2614000,74.68,41895,56100,311.97,1806308.63,2.5,4,10.5,2240.7,5833,14.12,5228000,520500,42.32,14038.67,25.57,8.29,9643000,1174000,220000,8249000,3342000,1083000,11896000,91.02,3427000,26.22,11676000,89.33,3427000,26.22,91.02,9304794.05,28.81,53.17,662.8
2026-04,12420000,6806000,2905000,1996000,713000,23.39,762753,9.86,1.42,882,512,49,463,961,68,90.43,3.52,31.45,7.08,13,1.35,183061.22,5102.04,253469.39,49.68,28.44,2484000,2484000,70.75,39690,56100,312.93,2501836.73,2.5,4,10.5,2240.7,5542.91,14.12,4968000,499000,40.09,14081.63,25.43,8.21,9774000,1107000,220000,8447000,3158000,1020000,11313000,91.09,2646000,21.3,11093000,89.32,2646000,21.3,91.09,9515083.53,23.39,54.2,675.71
2026-05,12149000,6585000,2886000,1970000,708000,23.76,739270,9.87,1.35,860,499,47,452,937,65,90.58,3.41,31.86,6.94,13,1.39,183647.67,5319.15,258489.36,48.6,29.35,2429800,2429800,68.98,38700,56100,313.93,2820639.92,2.5,4,10.5,2240.7,5421.97,14.12,4859600,492500,39.09,14126.74,25.28,8.14,9651000,1074000,220000,8357000,3071000,989000,11075000,91.16,2498000,20.56,10855000,89.35,2498000,20.56,91.16,9408756.03,22.56,53.42,666.02
2026-06,13000000,6968000,3137000,2126000,769000,24.13,783687,9.87,1.27,918,532,50,482,1001,69,90.6,3.38,32.14,6.89,14,1.4,198257.08,5200,260000,50,29.56,2600000,2600000,73.64,41310,56100,314.69,2006172.84,2.5,4,10.5,2240.7,5801.76,14.12,5200000,531500,41.73,14161.22,25.14,8.07,9947000,1140000,220000,8587000,3268000,1049000,11860000,91.23,3053000,23.48,11640000,89.54,3053000,23.48,91.23,9653541.32,25.74,54.68,681.69
2026-07,12840000,6805000,3146000,2119000,770000,24.5,766700,9.88,1.2,904,524,50,474,985,67,90.46,3.24,32.44,6.8,14,1.42,198849.56,5200,256800,49.38,30.82,2568000,2568000,72.51,40680,56100,315.63,2211017.7,2.5,4,10.5,2240.7,5730.35,14.12,5136000,529750,41.09,14203.54,25,8,9893000,1117000,220000,8556000,3210000,1027000,11723000,91.3,2947000,22.95,11503000,89.59,2947000,22.95,91.3,9612201.65,25.14,54.28,676.75